NIDN,nama,email,pendidikan_terakhir,jenis_kelamin
79737,Carl Hall,kim59@example.org,S3,L
87883,Gina Stephens,ralph37@example.net,S3,L
32214,Kristen Perez,reedlinda@example.com,S2,L
11333,Jonathan Lee,valenzuelawyatt@example.net,S2,P
85028,Henry Johnson,emiller@example.net,S2,P
80028,Christopher Rice,njones@example.net,S3,L
71391,Kimberly Dunlap,fullermichael@example.net,S3,L
13461,Craig Haley,onealhannah@example.org,S3,L
54172,Wesley Flowers,william12@example.net,S2,P
39467,Justin Hernandez,anthonymitchell@example.net,S3,P
89658,Larry Hunt DDS,scotttaylor@example.com,S2,L
22960,Nicole Mccoy,morenokevin@example.com,S2,L
83119,Eugene Beard,murphyandrew@example.org,S2,L
33900,Veronica Valdez,nsmith@example.com,S2,L
47599,Mary Anderson,acruz@example.com,S3,P
84333,Christina Carpenter,linda33@example.net,S2,P
28693,Nicholas Estrada,suarezmercedes@example.org,S3,L
14527,Ashley Schmidt,jocelyn51@example.net,S3,L
61063,Robert Wyatt,haynesjason@example.net,S3,L
88093,John King,derrickponce@example.org,S3,L
39334,Susan Chan,andersonmarco@example.org,S2,L
81901,Christina Wagner,nicolewilliams@example.org,S3,L
94224,Robert Hunt,tommy82@example.com,S2,P
27471,Michelle Turner,gibsonlarry@example.com,S2,L
63348,Robert Hall,shannonparker@example.com,S2,L
98953,Randy Delgado,cromero@example.org,S2,P
10585,Rachel Vega,vgraham@example.org,S3,P
31863,Alyssa Lucas,dwaynehicks@example.org,S2,L
88684,Jessica Russo,amysantiago@example.org,S2,P
25833,Shannon Garcia,gdavis@example.net,S3,P
73505,Jason Dean,jamie56@example.com,S2,P
63255,Brian Gibbs,johnburke@example.net,S2,P
38895,Sandra Mueller,mclaughlindaniel@example.net,S3,L
85532,Margaret Wood,cindymoore@example.org,S3,P
18975,Cody Santos,loganbrooks@example.org,S2,L
23975,Ashley Brown,david24@example.org,S2,L
61129,Teresa Williams,holtjane@example.com,S3,P
56582,Mitchell Garrett,wrightchristina@example.com,S3,L
61753,Ms. Amy Kemp MD,maryalvarez@example.org,S2,P
14773,Richard Beck,deborah61@example.org,S2,L
53014,Alicia Lopez,munozcarol@example.com,S2,L
86076,Jesus Sanchez,jmay@example.net,S2,P
24836,Kelly Harrison,watkinsjamie@example.org,S3,L
20639,Crystal Mack,amber20@example.org,S2,L
98582,Patricia Kennedy,dianetaylor@example.org,S2,P
58330,Terrance Lane,kathleenjennings@example.org,S2,L
36897,Benjamin Reese,carl15@example.net,S3,L
19639,Elizabeth Fields,fcarpenter@example.net,S2,P
80614,Michael Simmons,tammy83@example.org,S2,L
51173,Cathy Allen,rwatkins@example.org,S2,L
19330,Stacy Gonzalez MD,bgoodman@example.org,S2,L
28619,Nancy Holt,ramirezscott@example.net,S2,P
72482,Melissa Mitchell,sarah45@example.com,S3,P
36304,Brittany Smith,stevenwilkinson@example.net,S3,L
37890,Regina Monroe,jermaine44@example.net,S2,P
29552,Heather Jackson,michael22@example.com,S2,L
67207,Danielle Hoffman,gibsonkelsey@example.net,S3,L
38876,David Zhang,ramoscolton@example.net,S3,L
40203,Dr. Cassandra Smith,gracecook@example.net,S2,P
93046,Danielle Tate,wendycastaneda@example.net,S3,P
27817,Lisa Robinson,hannahwelch@example.com,S3,L
39414,Dana Young,edwin51@example.com,S2,L
11118,Cheryl Richards,ortizricardo@example.com,S2,L
91592,Angela Ortega,pperry@example.com,S3,L
45121,John Nelson,davismichael@example.net,S2,L
26956,Michael Day,toddalexander@example.net,S2,L
82405,Levi Washington,kelsey82@example.net,S3,P
57064,Cynthia Johnston,johnstondaniel@example.com,S2,L
98567,Crystal Owen,wigginsmichael@example.net,S3,L
36871,Frank Moon,latasha27@example.net,S2,L
84389,Chase Mills,xbrown@example.com,S2,L
62817,Rachael Watkins,patricia20@example.com,S3,L
22004,Russell Gregory,john21@example.net,S2,P
57252,Brittany Stewart,hernandezmichael@example.com,S2,P
37092,Anthony Armstrong,jennifergreen@example.org,S3,L
87966,Bruce Burnett,derekbarber@example.com,S2,L
54847,Stacey Case,weaverrichard@example.net,S2,L
29694,Keith Roach,garnerkevin@example.net,S2,P
76340,Isaac Bridges,jeffreydavis@example.org,S3,L
96696,Deborah Johnson,melissa70@example.com,S3,L
25479,Sean Vasquez,kathleenferguson@example.org,S3,P
33924,Jasmine Perkins,lindsay85@example.com,S2,P
78124,Christopher Coleman,garnerjennifer@example.org,S2,P
48407,Mathew Schmidt,wbaker@example.com,S2,P
66254,Darrell Garcia,cnixon@example.net,S2,P
10909,Kyle Morris,vmoore@example.net,S3,P
26470,Robert Hays,max83@example.com,S3,L
45278,Michelle Brown,allisonsimpson@example.org,S3,P
82173,Jessica Kelly,candaceanderson@example.net,S3,L
89411,Mark Ramsey,shannon60@example.net,S2,L
13454,Anthony Roth,jamesmalone@example.org,S3,P
13934,Haley Price,jill53@example.org,S3,P
90185,Travis Clark,rachelperez@example.org,S2,L
39817,Randy Evans,abuchanan@example.org,S2,L
39425,Michael Nicholson,sherylpearson@example.com,S3,L
31395,Tyler Paul,kayla52@example.com,S3,L
99639,Jo Taylor,jennifer48@example.com,S2,L
32720,Gary Cruz,elizabeth27@example.net,S2,P
86114,Cody Evans,steve31@example.com,S2,P
47751,Leslie York,hmorales@example.org,S3,P
