nim,nama,email,gender,asal_sekolah,angkatan,asal_daerah
638001,Joseph Roberts,marissa34@example.org,P,SMA,2019,New William
619003,Ana Molina,justinbryant@example.com,L,SMK,2021,Ryanchester
882151,Jennifer Fox,troymack@example.com,P,SMA,2015,Hillton
627715,Kayla Joseph,hdowns@example.org,L,SMA,2015,Meghanberg
827391,Michael Dickerson,sylvia90@example.net,P,SMK,2021,Donovanside
177005,Melvin Rangel,qevans@example.net,P,SMA,2022,South Abigail
850046,Marissa Ware,andrewacosta@example.net,P,SMK,2022,Christopherburgh
174118,Joseph Morales,leebrittany@example.com,P,Madrasah,2015,New Stevenfurt
444564,Marcus Yates,bmurphy@example.net,P,SMK,2017,North Jeffmouth
520974,Christopher Farley,michaeldennis@example.net,P,SMA,2022,East Brentstad
864286,James Nelson,nancylucas@example.com,L,Madrasah,2015,Lake Sheilaland
328684,Rebecca Nguyen,cesar16@example.net,L,SMA,2019,North Shannonburgh
335252,John Moreno,patriciajenkins@example.net,L,SMK,2020,Greermouth
236729,Danielle Day,brownrobert@example.org,P,SMA,2017,New Timothy
765342,Joseph Williams,whiteashley@example.org,L,Madrasah,2020,Samuelview
447913,Jason Robertson,hopkinsmarie@example.org,L,SMK,2015,East Laceyport
286405,Michael Horn,nathan27@example.org,P,Madrasah,2015,West Scottland
457252,Jackson Smith,jennifervilla@example.net,P,SMK,2021,Alexanderstad
234306,Joseph Obrien,ebishop@example.com,L,Madrasah,2018,Lake Williamtown
906096,Stephen Harris,jamesmatthews@example.org,P,SMA,2021,Callahanstad
419736,Kenneth Livingston,danielbarrett@example.org,L,SMK,2018,Port Coreyport
317476,Paula Boyd,thomas15@example.com,L,Madrasah,2019,Chenstad
189334,Nicole Herman,glen08@example.org,P,SMK,2021,North Brooke
973378,Joseph Salazar,ellisleslie@example.org,L,SMA,2016,Lopezton
339911,Courtney Pennington,carlymartin@example.org,P,SMA,2021,North Nicholas
137559,Ivan Moore,twalters@example.net,P,SMA,2018,West Deannaton
193716,Stephanie Pratt,debbie55@example.net,L,Madrasah,2023,Courtneyhaven
285988,Susan Weber,christopherharmon@example.net,L,Madrasah,2023,Kimtown
767101,Kevin Davis,fwallace@example.net,P,Madrasah,2017,Jordanstad
291329,James Brown,jdavis@example.org,L,Madrasah,2022,Josephside
295117,Matthew Byrd,camposjohn@example.org,L,SMA,2018,Brandonside
467154,Rodney Vincent,jennareed@example.net,L,SMA,2022,Margaretfort
193698,Sarah Wheeler,ktownsend@example.org,P,SMK,2019,Acevedobury
921076,Chad Short,harriskevin@example.com,L,Madrasah,2023,Estradamouth
294864,Mr. Joseph Chase,patricia61@example.org,P,SMK,2018,Taylorshire
130342,Edward Kelley,elizabeth54@example.net,P,SMK,2017,Nicolemouth
651788,Jose Vang,monroediane@example.org,L,SMK,2021,Lake Jennashire
776361,Jared Compton,justin17@example.net,L,SMK,2020,New Rebecca
965397,Charles Wood,lonniewilliams@example.org,P,SMA,2018,Franklinview
420773,Eric Kline,hmendoza@example.com,P,Madrasah,2022,Samanthabury
663625,Nancy Casey,garygarcia@example.net,P,Madrasah,2016,Harveyhaven
723873,Sierra Allen,tatewalter@example.org,L,SMA,2015,Robertview
718299,Kristy Smith,drussell@example.org,P,SMA,2016,Brianville
574752,Dylan Fleming,nathaniellara@example.org,L,Madrasah,2015,South Donald
136958,Peggy King,karenruiz@example.com,P,Madrasah,2018,Johnview
792675,Michael Flowers,michael24@example.com,P,SMA,2017,Cruzfort
623479,Kristi Mclaughlin,piercesarah@example.com,P,SMA,2021,Curryburgh
791424,Patricia Stevens,kbrown@example.org,P,SMA,2022,New Rachaelport
702834,Angela Conway,patricktyler@example.net,P,SMA,2023,Port Stephen
231440,William Martin,robertperez@example.net,L,Madrasah,2015,Port Jessicaborough
138117,Angela Jordan,jonesjoseph@example.org,P,SMA,2019,Spencerchester
596215,Cynthia Watson,ysellers@example.com,L,Madrasah,2017,West Melissa
943024,William Patterson,jjackson@example.net,L,Madrasah,2016,East Christopher
817428,Mary Finley,jacqueline90@example.com,L,Madrasah,2015,Martinland
545927,Stephen Medina,brice@example.net,L,Madrasah,2018,Lake Heatherburgh
859373,Matthew Miller,bowmankevin@example.org,P,SMK,2018,Port Jenniferfort
870058,Frank Moore,matthewvargas@example.com,L,SMK,2018,South Michael
932792,Jimmy Hoover,mccannmichael@example.com,L,SMK,2015,Lake Jasmine
237040,Kristina Clarke,vtaylor@example.net,P,Madrasah,2017,East John
371060,Bianca Walter,thomaspeter@example.net,P,SMA,2016,Susanstad
360907,Stacey Anderson MD,hernandezkathleen@example.net,L,SMA,2017,Russoport
310918,Amanda Perry,austinosborne@example.com,L,SMK,2016,Amyborough
236502,Dawn Espinoza,carrjeffrey@example.com,P,SMK,2021,Wayneton
708314,Joann Harris,jdillon@example.net,L,SMA,2016,Sarahborough
790039,Andre Lowe,harveychristopher@example.net,P,Madrasah,2016,Barnesport
443193,Cassandra Ford,ahensley@example.net,P,Madrasah,2019,West Brandy
154075,Jessica Lopez,bowerslaura@example.com,L,SMK,2017,West Vanessaberg
209429,Sarah Edwards,matthew09@example.com,L,SMK,2019,Stevensmouth
529117,Christian Vargas,karenclark@example.org,L,SMK,2018,New John
209086,Allison Brown,ypeterson@example.net,L,SMA,2020,South Michael
362472,Sean Ingram,johnvillegas@example.org,L,Madrasah,2021,Patricktown
274450,Tina Boyer,haileydalton@example.net,P,Madrasah,2016,Garystad
954723,Deanna Matthews,randy58@example.org,L,SMA,2016,West Debbieport
280103,Madison Lopez,carteremily@example.com,P,SMA,2020,East Kelsey
435060,David Edwards,bthomas@example.com,L,SMA,2019,West Samanthaside
610009,Douglas Flowers,ihuff@example.com,L,SMA,2022,West Amyview
237154,Antonio Ross,kari35@example.org,P,Madrasah,2021,Washingtonville
456624,Nicholas Tucker,thomasjohn@example.net,P,SMA,2021,West Michelleburgh
540223,Christopher Hahn,glopez@example.com,L,SMA,2019,Priceborough
720008,Dawn Jones,gonzaleschristine@example.com,L,SMK,2020,Edwardton
320741,Penny Wong,watsonjoshua@example.net,P,SMK,2021,Johnstonport
744768,Lori Jackson,emoore@example.net,L,Madrasah,2021,Tranburgh
590071,Douglas Reese,stanley87@example.org,L,SMK,2015,New Carolborough
452938,William Doyle,derrick04@example.org,L,SMK,2020,North Kristy
984823,Jill Harmon,jthompson@example.com,L,SMA,2023,Kathleenstad
152319,James Mcpherson,kristi17@example.com,P,SMA,2021,Robersonland
723486,Cindy Brown,ilindsey@example.com,L,SMK,2016,Williamside
236958,Heather Wang,kimberlymcclure@example.com,P,Madrasah,2023,Nicolehaven
732878,Todd Glover,gmeyers@example.com,P,SMA,2016,Steventon
677978,Steven Thompson,nwilson@example.net,L,SMK,2023,Alexanderhaven
134766,Michael Horne,jessechandler@example.net,P,SMA,2020,North Cynthiahaven
326031,Kayla Sawyer,clarkemily@example.com,L,SMK,2017,South Mary
509967,Dr. Kristin Smith,hernandezalexander@example.org,P,Madrasah,2020,New Ashley
779801,Lisa Weaver,laura22@example.net,L,SMA,2018,Lake Derekmouth
170476,Mia Kim,andrew15@example.org,P,Madrasah,2019,Port Denise
119864,Brian Powell,rebeccadavenport@example.org,L,SMK,2015,Port Andrewland
220230,Dr. Stephanie Silva,samantha88@example.org,L,SMA,2017,South Mallory
581620,Laura Lambert,hwalsh@example.net,P,SMK,2020,West Paulside
196034,Randy Lopez,danielduncan@example.com,L,Madrasah,2023,Haydenton
593754,Eugene Adkins,mistythompson@example.net,L,Madrasah,2022,Peterberg
660168,Michael Lopez,garciajoshua@example.org,L,Madrasah,2018,New Vicki
717856,Lisa Lopez,tammielindsey@example.com,L,SMK,2016,Lisaton
246671,Sean Soto,erin43@example.net,L,SMK,2018,Sarahton
412385,Wayne Hutchinson,wjackson@example.net,P,SMA,2019,Andersonland
230900,Nicholas Morris,haley19@example.net,L,SMA,2020,East Cindy
303837,Bill Williams,marvinwalton@example.com,P,Madrasah,2023,East Caleb
603839,Rhonda Wright,amanda70@example.net,P,SMA,2021,Huntshire
783117,Jeffrey Meyers,watkinsdeborah@example.org,P,Madrasah,2022,Amandachester
485755,Kevin Hill,andreowens@example.org,P,SMA,2022,South Rebecca
328676,Michael Clark,adamsthomas@example.org,P,SMK,2015,Lake Morganland
324774,Raymond Terry,robertrodriguez@example.com,P,SMK,2019,Hunterchester
859110,Mary Alexander,mariahhill@example.net,L,SMA,2018,Gonzalesberg
232036,Michelle Mack,uwilliams@example.net,P,SMA,2018,South Wyattland
852875,Brian Lopez,qphillips@example.org,L,Madrasah,2020,Port Michelleside
989176,Julie Collins,ericbell@example.net,L,SMK,2016,West Linda
595320,Nina Coffey,crystal67@example.com,P,SMK,2018,New Selenaport
801073,Richard Werner,john11@example.net,L,SMK,2023,New Tonyborough
852407,Kathleen Hatfield,michaelnicholson@example.com,P,Madrasah,2019,West Stephen
707503,Claudia Brady,rachelgarcia@example.org,L,Madrasah,2022,Carriebury
441782,Danielle Walton,markholmes@example.org,L,SMA,2022,Reedtown
705500,Sean Mullen,kcampbell@example.org,L,Madrasah,2022,Wilsonberg
505479,Diane Johnson,ryan22@example.com,P,SMA,2020,East Jeremy
984025,Teresa Mcmillan,rbrennan@example.com,P,SMA,2018,East Michael
370555,Shelby Lopez,monique88@example.net,P,Madrasah,2017,Port Jonathonberg
685147,Paul Smith,christiangolden@example.net,P,Madrasah,2023,South Sharon
336152,Amanda Hill,mary58@example.net,P,Madrasah,2017,Jessicashire
809302,Deborah Sanchez,edward06@example.org,P,Madrasah,2015,Pattersonville
951222,John Smith,hubbarddaniel@example.com,P,SMK,2018,Montoyaville
266535,John Adams,jenniferjohnson@example.net,P,SMA,2019,Spencertown
150922,Henry Cox,christinehanna@example.com,P,SMK,2022,Michaelshire
943011,John Johnson,melinda45@example.com,L,SMA,2019,Lake Williamton
465651,Zachary Gutierrez,ruthvaldez@example.com,L,SMK,2022,Danielville
787972,Latasha Thompson,sean69@example.com,P,Madrasah,2018,New Jacob
551203,Sheri Blake,uthomas@example.org,L,SMA,2023,Sullivanton
859307,Alexander Fisher,wcarter@example.org,L,SMA,2022,Thompsonshire
841391,Catherine Mcneil,lrobinson@example.org,P,SMK,2018,Port Heatherberg
851954,Jennifer Richardson,paynenancy@example.net,L,SMK,2018,Danielville
123809,Shane Wallace,ihaynes@example.org,P,SMK,2018,Brandonfort
333462,Melissa Austin,jonathantucker@example.com,L,Madrasah,2023,New Holly
270136,Michael Romero,rebeccawilliamson@example.net,P,SMK,2019,Lake Alan
653467,Wayne Henderson,lukehamilton@example.net,P,SMA,2019,Huberport
543608,Brenda Black,paul06@example.org,L,Madrasah,2015,Lauraton
595926,Rebecca Mccormick,wthompson@example.org,L,SMA,2017,Bradyton
301907,Janice York,blake45@example.net,P,Madrasah,2016,Lake Maryborough
493887,Victoria Diaz,kristinwhite@example.com,P,SMK,2023,West Nicholas
549938,Robert Lopez,christopherberry@example.com,L,SMK,2017,East Andrewshire
462025,Kevin Bautista,dustineaton@example.org,P,SMA,2022,West Robert
184155,Connor Flowers,pfoster@example.com,L,Madrasah,2020,Leechester
302148,Carolyn Foster,lisarojas@example.com,P,SMA,2017,Crystalside
810040,Brandon Holmes,vellis@example.net,L,Madrasah,2019,Lake Abigailmouth
219107,Christopher Hernandez,tammy15@example.org,P,Madrasah,2018,Jacksonview
326670,Hayley Perez,martinerica@example.net,P,Madrasah,2017,Moralesbury
730105,Terry Johnson,richard12@example.net,P,SMK,2021,Robertsbury
408631,Michael Stokes,nguyentom@example.net,L,SMA,2022,North Josephfurt
751716,April Gonzales,brandonreilly@example.com,P,Madrasah,2018,Port Daniel
579071,Lisa Henderson,stephensmichael@example.org,P,SMK,2020,West Juanfurt
875779,Kyle Sanchez,vhumphrey@example.com,P,Madrasah,2022,Lake Amber
111010,Michael Lewis,robert53@example.net,L,Madrasah,2021,Christinafort
780191,Jeffery Johnson,johnnguyen@example.org,L,SMK,2018,Lake Mandyton
122737,Debra Cohen,rivasrenee@example.net,P,SMK,2021,Aliburgh
439452,Angela Peters,tammy97@example.com,L,Madrasah,2018,Wattsview
654470,Daniel Roberts,vanessarodriguez@example.com,P,Madrasah,2015,South Raymondshire
444391,Maria Scott,hortontina@example.net,L,Madrasah,2021,West Jayland
955179,Dennis Jones,thomaslindsay@example.net,P,SMA,2016,Port Brent
645326,Kristina Ball,romerojason@example.net,P,Madrasah,2018,East Melindafort
841763,Richard Torres,whitemelissa@example.org,P,SMK,2019,Sarahview
530901,Lisa Richmond,dillondunn@example.org,P,SMA,2021,Stonestad
388393,David Washington,brodriguez@example.com,L,Madrasah,2017,West Shane
176292,Joyce Garrison,jenniferestes@example.com,L,Madrasah,2023,Salasfort
724896,Nancy Baker,fford@example.org,P,SMK,2019,Brianberg
666407,Bianca Myers,acain@example.com,P,Madrasah,2023,Amandaburgh
541943,Michael Andrade,daviswilliam@example.net,L,SMA,2016,Stephenstad
669436,Joseph Newman,diane46@example.net,L,SMK,2018,Cathyshire
986162,Holly Anderson,kevingray@example.org,L,SMK,2015,Lake Brenda
174193,Mrs. Faith Harper,andrew22@example.net,P,SMA,2015,Sarahshire
971232,Dr. Joel Alexander,lindseyhannah@example.com,L,SMA,2020,Myersberg
174638,Chad Jackson,jesse56@example.com,L,SMA,2015,North Mark
115263,Timothy Brown,jessica02@example.net,L,Madrasah,2022,Kristinaville
952489,John Porter,david45@example.net,P,SMA,2015,New Jessicaland
829314,Christopher Davis,watsonann@example.net,P,SMK,2016,North April
617407,Laurie Griffin,shawnchang@example.net,L,SMK,2022,Lake Bailey
147336,Daniel Olson,smorrison@example.com,L,SMK,2021,Lake Deborah
139405,Matthew Jackson,laura92@example.net,L,SMK,2017,Millerborough
872495,Tiffany Williams,scott02@example.org,P,SMK,2022,Chasefurt
958322,Jasmine Russell,christopherhill@example.org,P,Madrasah,2018,West Matthewland
632690,Diane Mitchell,grodriguez@example.net,P,Madrasah,2015,Vickitown
253667,Michelle Lewis,laura93@example.org,L,SMA,2018,West Jasonmouth
632400,Tonya Blake,erica31@example.net,P,Madrasah,2020,South Michelleland
189372,Calvin Hodge,kellysusan@example.net,L,Madrasah,2016,Danielshire
780414,Gabriel Miller,wphillips@example.org,P,SMA,2020,Jonesborough
268067,Nicole Wright,stephengarner@example.org,P,SMA,2022,Rubenport
428607,Phyllis Rodriguez,mitchellroth@example.net,L,SMA,2019,Timothyfort
244641,Melissa Pope,lorirussell@example.net,P,SMA,2015,South Bobby
570157,Zachary Matthews,yschneider@example.com,L,SMK,2019,North Shawnton
606732,William Ray,smithrobert@example.org,P,Madrasah,2018,Andrewbury
772046,Mrs. Allison Hickman MD,margaret56@example.com,L,SMA,2018,Matthewchester
723310,Darrell Mcclure,rebecca80@example.com,L,Madrasah,2020,New Donnastad
950821,Donna Hunt,qsmith@example.org,P,Madrasah,2019,Villegasville
527402,Gregory Dyer,charlesgray@example.org,L,Madrasah,2021,Brookeborough
643034,Malik Garcia,nicolesimpson@example.org,P,SMA,2020,West Matthew
223520,Patricia Jones,znguyen@example.org,L,Madrasah,2017,East Audreyport
966782,Christy Williams,rpearson@example.com,L,Madrasah,2016,New Tanyaton
754353,Daniel Grant,kreyes@example.net,L,Madrasah,2016,Snowfort
373830,Tyler Wheeler,deborah27@example.org,P,SMK,2016,Toddburgh
861818,Joseph Smith,waterskirsten@example.net,L,SMK,2015,Brooksberg
159951,Valerie Barron,krowe@example.net,P,SMK,2018,Grahamfurt
256585,Deborah Ramirez,danielhansen@example.net,P,Madrasah,2016,West Kimberlystad
768089,Tracey Vega,markspears@example.com,P,SMK,2023,West Cynthia
491039,Krista Powell,uhuang@example.org,P,SMK,2023,Coreychester
913154,Janice Cook,qmoore@example.com,L,SMK,2016,Tiffanybury
944945,Wanda Perry,rodriguezstephen@example.org,P,SMK,2022,Charlesmouth
686455,Kristen Stewart,sdunn@example.com,L,Madrasah,2019,Wilsonview
865261,Bryce Wilcox,pricederek@example.com,P,Madrasah,2019,East Annside
130745,Teresa Cunningham,michael47@example.org,P,SMK,2023,East Brian
121703,Alan Contreras,omitchell@example.org,L,SMA,2016,Port Nathan
128043,Alexa Walsh,yatkinson@example.com,P,SMA,2022,South Kevinbury
889657,Bobby Long,victoriamills@example.com,L,SMK,2015,South Christy
644554,Lindsay Gibbs,marshnatalie@example.com,L,SMK,2020,North Erinfort
269205,Karen Barker,bobbywatson@example.net,L,SMK,2023,New Cory
754581,Michelle Huber,harrispamela@example.org,L,Madrasah,2021,Lake Carlfort
531443,Christopher Stephens,lewisjessica@example.com,L,SMK,2019,West Russell
647006,Todd Ryan,aimeebauer@example.com,P,SMK,2016,Benjaminfort
158120,Carl Henderson,marygross@example.org,P,SMA,2023,Pacebury
640733,Stephen Rowland,coreyhurley@example.com,L,Madrasah,2020,Natashafort
518004,Sophia Woods,williamnoble@example.org,L,SMA,2020,South Ernestshire
989309,Jodi Harper,shelley20@example.com,L,SMK,2017,West Annettefurt
264170,Larry Gomez,zferguson@example.com,P,SMK,2015,New Thomas
449738,Zachary Garcia,tiffanyhunter@example.com,P,Madrasah,2023,Port Michaeltown
984030,Tina Murphy,gomezcarl@example.net,L,SMA,2015,East Stephaniestad
655725,Tommy Dickerson,daniel94@example.net,L,SMK,2022,Lake Joshua
696309,Wayne Mccarthy,xirwin@example.net,P,SMA,2015,North Drew
519343,Robert Payne,justinmorgan@example.org,L,SMA,2018,New Sandra
570421,Heather Phillips,ypreston@example.com,P,SMA,2019,Murphyshire
300665,Olivia Todd,aaronhuynh@example.com,L,SMA,2021,Haileymouth
621751,Edward Wilson,michelejones@example.org,P,Madrasah,2022,Christineside
486461,Christina Avery,amandataylor@example.org,P,Madrasah,2015,South Michele
610336,John Nichols,denise62@example.net,P,Madrasah,2021,Caseychester
374063,Donald Garner,mariatrujillo@example.org,L,SMK,2021,Monicamouth
299904,Timothy Miller,mark98@example.net,L,SMA,2021,Stevenfurt
115287,Evan Wright,timothy26@example.org,P,SMA,2017,Johnsonport
506970,Stephanie Johnston DDS,danielaguirre@example.com,P,Madrasah,2023,Hudsonmouth
963589,Ryan Sutton,barbarafrancis@example.com,P,SMA,2018,Hillland
702611,Stephen Grimes,amandapacheco@example.org,P,SMK,2018,Lake Todd
651532,Mr. Adrian Carpenter,hgray@example.com,L,SMK,2022,Lake Carly
910772,Jessica Mckinney,welchchristopher@example.net,L,SMK,2018,Seanfort
874617,Mr. Sean Martin PhD,pricemelanie@example.org,P,SMK,2022,East Anthony
309006,Janet Washington,yhicks@example.com,P,Madrasah,2023,East Douglasmouth
357680,Kenneth Blanchard,nelsonbrandon@example.net,P,SMK,2019,North John
743295,Taylor Gray,josephcoleman@example.net,P,SMA,2022,New Robert
755468,Beverly Moreno,gonzalezamanda@example.net,L,SMK,2016,Lake Amanda
969989,Anthony Wiley,kristadavis@example.com,L,Madrasah,2016,Heatherside
267698,Jordan Harmon,daniellepaul@example.com,L,SMA,2020,Webbberg
370464,Stephen Rogers,amandadouglas@example.org,P,SMA,2017,East Emily
502636,Nathan Salazar,meganacosta@example.org,L,Madrasah,2015,Ruizshire
290989,Eric Green,edwardsjason@example.com,P,SMK,2020,South Kathleen
294065,Ashley Ray,dpruitt@example.net,P,SMA,2022,West Angelaburgh
182800,William Grant,matthew55@example.org,P,SMK,2016,East Aaron
819286,Sara Miller,lee11@example.net,P,Madrasah,2019,North Jonathan
587963,Stephen Bates,gallen@example.org,L,SMA,2018,Brooksview
380029,Mr. James Guerrero,margaret32@example.net,P,SMA,2016,North Anthonyshire
561547,Harry Collins,mary34@example.com,P,SMA,2018,South Travisburgh
730296,Scott Clay,asantos@example.com,P,Madrasah,2015,Lisamouth
772580,David Lopez,michaelspencer@example.org,L,Madrasah,2023,West Matthewbury
916473,Kirk Smith,bellangela@example.com,L,SMA,2018,Christopherport
825827,Michele Brooks,joseph07@example.org,L,Madrasah,2020,Larryhaven
785317,Ashley Nicholson,daniel51@example.net,L,SMA,2023,Davidberg
635137,Judy Stafford,davidsherri@example.org,P,Madrasah,2020,North Justinburgh
493918,Dawn Lopez,wwalsh@example.net,L,SMA,2022,West Lisa
878653,Gary Jones,paulpaul@example.com,P,SMA,2020,Mcguirestad
547967,Holly Reynolds,pruiz@example.net,P,SMK,2021,Rossfort
529617,Dr. Chad Allen,evelynmunoz@example.net,L,Madrasah,2021,Timothyport
475684,Kelly Floyd,sharonhobbs@example.org,L,SMA,2020,Kevinberg
758046,Lisa Dean DVM,shelby11@example.com,P,Madrasah,2017,Mcintoshstad
198137,Dr. Alicia Thomas,stacey72@example.net,P,Madrasah,2020,Douglasview
393405,James Chen,arussell@example.org,P,SMA,2023,Bakermouth
143971,Susan Olson,williamsandrew@example.org,L,SMA,2022,Christopherview
236244,Randy Clark,tracyarcher@example.net,P,Madrasah,2016,Port Mark
873083,Brittany Perez,ygoodman@example.net,L,SMA,2022,Ashleyfurt
166858,Melissa Blair,zimmermanmichael@example.net,L,SMA,2019,Aliciashire
955329,Michael Powers,jimjohnson@example.org,P,Madrasah,2020,Port Kiara
535153,Matthew Pena,bennettchristina@example.com,P,SMK,2015,North Michaelside
407934,Melissa Chang,samuel16@example.org,L,SMK,2022,Port Joyce
175905,Timothy Salazar,uryan@example.net,L,SMK,2015,Port John
630386,David Jensen,cooperlisa@example.org,P,SMK,2016,Lake Cindy
851255,Jacob Lewis,christine82@example.org,P,Madrasah,2021,Kimberlyfort
273769,Angela Thompson DVM,lisahart@example.org,L,SMK,2018,Stricklandhaven
148849,Maria Smith,geoffreyjohnson@example.net,L,SMA,2017,New Meganberg
336239,Debbie Cox,anthonysawyer@example.com,L,Madrasah,2023,Jenniferview
298768,Marc Webb,rmorton@example.org,P,SMA,2020,Brookeview
724008,Sheena Turner,sanchezdonald@example.net,L,Madrasah,2015,Lake Monica
994760,Debra Aguilar,johnsonsheila@example.org,P,Madrasah,2019,Ruizshire
931827,Ashley Harris,samuelmolina@example.org,P,SMK,2022,Kelleyshire
197446,Steven Alvarez,mercadotimothy@example.org,L,SMK,2023,East Geraldfurt
764081,Daniel Hahn,johnstonlisa@example.net,P,SMK,2018,Adamsfort
202265,Tiffany Molina,amybrewer@example.org,P,SMK,2016,Lake Christianburgh
354635,Lisa Wagner,inelson@example.net,P,Madrasah,2019,Angelabury
855559,Kelly Garcia,martindavid@example.net,L,SMA,2019,New James
549658,Melinda Alexander,stoutjesse@example.net,L,SMA,2022,Travisshire
886549,Matthew Joseph,maria86@example.net,L,Madrasah,2022,Jamesstad
952194,Beth Evans,james52@example.com,P,Madrasah,2015,East Donna
903590,Miguel Smith,angelaharper@example.org,L,Madrasah,2020,Brandonshire
140391,Lisa Reed,katherine66@example.com,L,SMA,2021,Hurleyport
155654,Vicki Baker,zdelacruz@example.net,P,Madrasah,2023,North Tyler
628799,Bruce Thomas,denisewright@example.net,P,SMA,2022,West Alan
947510,Meagan Blair,aprilbuchanan@example.org,L,SMA,2016,Pageville
296252,Matthew Ballard,rojasthomas@example.org,P,Madrasah,2017,New Shari
994046,Vanessa Baker,salasemily@example.net,L,Madrasah,2021,Ramirezfort
506287,Laura Mills,carlasilva@example.com,L,Madrasah,2017,Kevinbury
170212,Jason Snow,amber28@example.com,P,Madrasah,2023,Alexanderport
881265,Jason Mooney,vramsey@example.org,L,Madrasah,2018,Emilyview
943522,Lisa Nielsen,sabrina10@example.net,P,Madrasah,2023,New Christine
629255,Regina Wilson,thenderson@example.org,L,SMK,2015,Angelaville
168726,Andrew Hunter,kathleenmccormick@example.net,P,SMK,2018,New Justin
522441,Troy Black,tiffanysmith@example.net,L,SMA,2019,East Cynthia
141951,Jeffrey Lara,hcrosby@example.com,L,SMA,2022,East Veronicahaven
859766,Cheryl Romero,reedphillip@example.com,L,SMK,2018,Jimmyville
341582,Phillip Mccarthy,allensarah@example.net,L,SMK,2019,New Louismouth
913323,Sandra Allen,jeffreybarnes@example.net,L,SMK,2021,Roseton
580362,Tara Thomas,oramirez@example.net,P,Madrasah,2020,Dennisborough
288796,Sandra Little,davidmills@example.com,P,SMA,2016,North Danielshire
763604,Kelsey Cervantes,jameshowe@example.org,P,SMK,2023,West Jill
985498,Rachel Sanchez,charles64@example.net,L,Madrasah,2022,Lisachester
771846,Christopher Gutierrez,carrieking@example.net,L,SMA,2019,East Steventon
464887,Brandy Lewis,crodriguez@example.org,L,Madrasah,2018,Barkerberg
551885,Timothy Baker,sarah26@example.org,P,SMK,2015,Janicemouth
373967,Susan Herrera,hannah46@example.org,L,SMK,2022,Williamsberg
187635,Christopher Kim,atorres@example.net,L,Madrasah,2016,Lake Lisa
245530,Devon Carey,rgarcia@example.com,L,SMK,2022,Kimberlyfurt
428205,Lindsay Alexander,brendanmiller@example.org,L,Madrasah,2022,Wilsontown
345541,Tom Hall,andersonhannah@example.net,L,Madrasah,2015,Crystalmouth
811576,Michael Chambers,adriennefrancis@example.com,P,Madrasah,2022,South Melissaside
835641,Sarah Smith PhD,jennifer36@example.com,P,SMK,2023,East Jerryview
384652,Lisa Wright,christina60@example.com,P,SMK,2020,Davidberg
305338,Matthew Huber,gonzaleskarina@example.net,P,SMK,2020,Lake Nathan
775125,Deborah Scott,maria32@example.com,L,SMA,2022,Lake Stephanieside
355067,Barbara Bryant,williamsmarie@example.net,P,Madrasah,2020,Lake Dwayneborough
137626,John Richardson,bakeranthony@example.com,L,SMA,2018,East Debramouth
720373,David Clark,ramosangela@example.com,P,SMA,2017,New Brianview
469294,Todd Daniels,breanna74@example.com,L,Madrasah,2022,South Troy
533103,Travis Gill,lopezjason@example.com,P,SMK,2021,Lake Ruth
340338,Edward Lynch,barbara04@example.com,L,SMK,2020,Davidbury
814521,Shelby Gates,jeremy96@example.net,P,SMA,2019,Timothyside
916227,Tricia Mays,amygonzalez@example.net,P,Madrasah,2020,South Ashley
864485,John Hale,zarellano@example.org,L,SMA,2015,Gamblefort
150433,Joshua Johnson,sayala@example.net,L,SMA,2022,West Vincent
461121,Tammy Rodriguez,benjaminabbott@example.com,L,SMK,2017,South Michael
956048,Jesse Reeves,davispaul@example.com,L,SMK,2017,Johnborough
873319,Jonathan Mercer,llawson@example.org,L,SMK,2016,South Sara
739295,Timothy Potter,kellygabriella@example.org,L,SMA,2018,West Heidiland
573689,Dawn Williams,zacharykane@example.net,P,SMK,2020,Johnnytown
337197,Andrew Miller,awilcox@example.org,P,SMK,2018,Adammouth
220388,Andrew Hansen,petersonjacob@example.org,P,SMK,2015,Danielbury
215683,Kerry Lowery,darren40@example.net,L,Madrasah,2019,Port Theresa
199312,Timothy Krause,rebecca46@example.net,L,SMK,2015,Lake Timothy
905223,Sean Mccall,williamwilson@example.net,P,SMA,2020,South Jennifer
171394,Barbara Morris,anndominguez@example.com,L,SMA,2019,New Kristi
208253,David Cabrera,feliciaroberts@example.com,L,SMK,2020,East Patricia
769605,Timothy Patrick,currykelly@example.net,L,SMA,2019,South Julie
927990,Megan Garrison,boothsavannah@example.org,P,SMA,2023,Rogerbury
659985,Samantha Mckenzie,soniabell@example.org,L,Madrasah,2020,Jessicamouth
995103,Kathy Wilson,smithlisa@example.net,P,SMK,2023,North Donnaland
722532,Joseph Carroll,davidhunter@example.org,L,Madrasah,2020,North Robert
530213,Margaret Grant,hernandezlisa@example.org,L,SMK,2015,Lake Mary
106113,Walter Garrison,robertestrada@example.net,P,Madrasah,2017,Travisburgh
300261,Alan Harmon,caitlin13@example.com,L,SMA,2021,Collierton
217373,Elizabeth Roberts,amberjacobs@example.com,P,SMA,2020,East Jenniferborough
549001,Lori Anderson,tiffanymoore@example.net,L,SMK,2017,Lisaton
801832,Cheryl Scott,bmartinez@example.net,L,SMK,2017,New Taylorchester
525703,Stacy Smith,dominguezkim@example.org,L,SMK,2019,Kelseyberg
542103,Krista Coffey,johnsonjohn@example.org,L,Madrasah,2022,Lake Nathanfurt
643733,Thomas Burgess,greenekimberly@example.com,L,SMA,2018,West Andrewburgh
535232,Lindsay Henry,william78@example.org,L,Madrasah,2023,Brandyburgh
831204,Linda Boone,gary08@example.com,P,SMK,2016,Michaelland
639931,Amber Williamson,kwebster@example.org,P,SMK,2017,Baileybury
441816,Francisco Jones,josemiller@example.org,P,SMA,2019,Port Chasemouth
801848,Brandi Martinez,fhall@example.net,L,SMA,2020,South Christophermouth
841376,Christine Roberts,pjones@example.net,P,Madrasah,2015,Davidmouth
866689,Robert Keith,morgandavid@example.net,P,Madrasah,2015,Prestonton
291330,Matthew Williams,cookanna@example.org,L,Madrasah,2020,South Bradfurt
712475,Kevin Barnes,nathan22@example.com,L,SMA,2017,Floresborough
675625,Phyllis Ward,smithdiana@example.com,P,SMK,2022,Lisabury
459238,Amanda Hernandez,nicole27@example.net,L,SMA,2022,Davisbury
610248,Steven Gutierrez,jordantiffany@example.org,P,SMK,2023,Port Elizabeth
565679,Corey Young,jeremy30@example.com,P,SMK,2016,Carlosmouth
568605,Mark Hunt,bmunoz@example.net,L,SMA,2015,Smithtown
128495,Javier Cisneros,stuartwilliams@example.com,L,SMK,2016,Teresachester
609197,Pamela Davis,michellenovak@example.com,L,SMA,2018,North Gabrielton
238268,Dr. Adam Wilson,sotoeric@example.net,L,SMK,2018,New Karen
123762,Pamela Lucas,ysmith@example.net,P,SMK,2015,Port Brooke
830898,Megan Nunez,eric09@example.org,L,Madrasah,2023,Port Rita
891908,Alex Logan,powelllawrence@example.net,P,SMA,2019,New Destiny
392847,James Sanchez,lestervanessa@example.com,L,Madrasah,2019,Gonzalezmouth
655955,Amy Burns,uholmes@example.com,L,SMA,2015,Joshuashire
750753,Dr. Wendy Campos,mark25@example.com,L,SMK,2018,Hillside
900190,Danny Simmons,bruce91@example.com,P,SMA,2023,Walkershire
900397,Shannon Hernandez,glen07@example.net,L,SMK,2020,Port Kristen
742832,Rhonda Davenport,henryjose@example.com,P,Madrasah,2022,Anthonychester
453396,Jennifer Lester,ywoods@example.org,L,Madrasah,2015,New Randy
509549,Andrew Parsons,jasminemunoz@example.net,L,SMK,2021,South Marymouth
951281,Laura West,baxterdorothy@example.org,P,Madrasah,2018,Montoyaton
232528,Brian Moore,colleen13@example.com,L,SMA,2016,North Michaelville
851820,Edward Moore,nancy10@example.org,L,SMA,2020,West Shelby
624056,Todd Douglas,kelleykent@example.net,L,SMK,2015,East Timothy
629487,Christine Young MD,larry26@example.net,P,SMK,2020,Thomasport
546639,Susan Lambert,clewis@example.net,P,Madrasah,2023,South Brandon
986284,Eric Tucker,christina78@example.net,L,Madrasah,2018,Robertville
788942,Charles Deleon,christopher26@example.net,L,SMA,2015,Wilsonfurt
420829,Amber Holland,lauren79@example.org,L,Madrasah,2023,Wendyhaven
692875,Patricia Richard,gburke@example.org,P,SMK,2018,Newmanfurt
405941,Antonio Johnston,forbesmarissa@example.com,P,SMK,2016,New Joseton
711590,Caitlin Bowers,joneschristopher@example.net,P,Madrasah,2017,New Alyssabury
901654,Jerry Ramos,jamie65@example.com,L,Madrasah,2015,New Jennifer
570337,Scott West,jesus32@example.net,L,SMK,2016,Goodwinborough
715480,Antonio Kerr,thomashill@example.net,P,SMK,2017,Lake Gregory
311490,Keith Warner,gregoryle@example.com,L,SMK,2021,Port Breannaburgh
769931,Tommy Hanson,madams@example.org,P,SMK,2019,Nicholsonside
534272,Tammy Decker,glenngonzales@example.net,P,SMK,2020,Crossborough
558802,Michael Sanford,john42@example.org,P,SMK,2015,Gonzalesmouth
463207,Stephanie Mullins,gloverlaura@example.net,P,SMK,2021,Michaelburgh
463624,Nicole King,jcampbell@example.org,L,SMK,2020,Ramirezville
963823,Kimberly Jackson,wadeerika@example.net,L,SMK,2023,Lake Eric
551005,Jessica Hanson,garzabrent@example.net,P,Madrasah,2015,West Jane
526108,Emily Hendricks,vanessawoodward@example.org,L,SMK,2018,Arnoldhaven
363701,Michael Bennett,sarah61@example.net,P,Madrasah,2021,North Amanda
524208,Michael Oliver,catherineelliott@example.org,P,Madrasah,2023,New Michaelland
518035,Jessica Gardner,stephaniebennett@example.com,P,Madrasah,2023,North Paulview
938854,Andrea Wagner,marksjulie@example.com,P,SMA,2022,Andersonbury
401562,Mrs. Melissa Garrett,fli@example.org,L,Madrasah,2022,Lake Jeffreyberg
559100,John Blackburn,jacquelineruiz@example.net,P,SMA,2020,West Stevenstad
252452,Joseph Waters,johnsonmichael@example.com,L,SMA,2021,Jessicafurt
285864,James Avery,ngutierrez@example.org,P,SMK,2020,Nashport
244513,Courtney Gomez,longdustin@example.net,L,SMA,2023,Williamville
919083,Kelly James,jdavis@example.com,L,SMK,2019,Lucasfurt
755681,Tiffany Ayers,davisjacob@example.org,P,Madrasah,2021,Scottburgh
269166,Tonya Mckinney,butleralison@example.com,P,SMA,2015,North Jamesberg
254872,Joan Brown,smithtabitha@example.com,L,SMA,2021,Port Joshuafurt
301371,Paul Mayo,kathyhill@example.net,P,Madrasah,2022,Wilkinsfurt
287440,Charles Carlson,gabriel10@example.net,L,Madrasah,2022,North Petershire
683550,Linda Miller,thomasharris@example.org,P,Madrasah,2015,Jenniferborough
324448,Olivia Dixon,linbryce@example.org,L,SMK,2023,Fritzburgh
651255,Kristine Fischer,ashleylindsey@example.com,L,Madrasah,2023,North Rachelburgh
151113,Karen Santos,jacob96@example.com,P,SMK,2022,Clarkberg
146147,Brandon Stevenson,pjackson@example.net,L,SMK,2018,South Sarahberg
402625,Kurt Brock,vritter@example.org,P,Madrasah,2019,West Adam
605762,Gregory Johnson,duane30@example.com,L,SMA,2015,Edgartown
354367,Katherine Chambers,griffinrichard@example.org,L,SMK,2016,East Roger
401306,Jeremy Lewis,romanjenny@example.net,L,SMK,2016,South Johnburgh
361807,Tracy Anthony,kelleytracy@example.com,P,Madrasah,2020,New Rayborough
937151,Joseph Williams,alex21@example.org,P,SMK,2017,Port Christineshire
398950,Kimberly Lopez,salinasjessica@example.org,P,Madrasah,2016,West Shane
350107,Kimberly Rodriguez,lopezjames@example.org,P,SMA,2019,Carriemouth
757946,Dawn Reynolds,gjohnson@example.com,L,SMK,2022,Jeffreyton
158484,Brandon Wagner,jeanette42@example.net,L,Madrasah,2021,East Kellymouth
276207,Jessica Morgan,peter85@example.net,L,SMA,2018,West Kaitlynmouth
120843,Paul Martinez,walkerjames@example.org,L,SMA,2021,Franklinbury
488369,Melissa Cannon,lisawilkins@example.com,P,SMA,2018,Brianhaven
295597,Kirsten Reynolds,halvarado@example.net,P,SMA,2023,New Todd
778532,Richard Valdez,sheilablanchard@example.org,L,Madrasah,2023,East Stephen
680819,Shannon Webb,eileen38@example.com,L,Madrasah,2023,Michaelchester
896865,Kenneth Maldonado,gonzalesbrandy@example.org,P,SMA,2023,Lunaton
139567,Wendy Meza,harpercarol@example.org,L,SMK,2021,New Lindsay
120938,Aaron Arnold,tstokes@example.com,L,Madrasah,2021,Jerryborough
290020,Jennifer Walters,samuel42@example.org,L,Madrasah,2022,Heatherstad
776818,Shannon Mendez,sherrywalker@example.org,L,SMK,2017,West Brendaview
508152,Mason Hughes,yjohnson@example.org,L,SMA,2018,South James
554639,Samantha Knight,sean13@example.com,P,SMA,2015,Jeremiahland
741475,Laura Wall,osantana@example.org,P,Madrasah,2018,Port Kathy
820300,Katrina Carr,yparker@example.com,P,SMK,2022,New Kathryn
455071,Jessica Stone,aguirremichaela@example.net,P,SMA,2016,South Brian
512534,Joseph Powers,rogersteresa@example.net,L,SMK,2018,Russellfurt
389665,Bonnie Page,jamesfrazier@example.com,L,SMK,2016,Burtonbury
265529,Fernando Flynn,reedtoni@example.com,L,SMA,2020,West James
548123,Terri Hernandez,sampsonlisa@example.net,L,Madrasah,2019,Patriciaburgh
510917,Tyler Tran,dgay@example.com,L,Madrasah,2023,Port Dana
787454,Aaron Olson,fthomas@example.net,L,SMA,2021,North Christopher
332433,Melanie Taylor,slevy@example.org,P,SMA,2016,Hamiltonborough
842023,David Trevino,belllaura@example.com,P,SMA,2022,Lake Danielville
681779,Terrance Reese,josephharris@example.net,L,SMK,2023,East Erin
724812,Michael Mercado,zachary94@example.org,L,Madrasah,2023,Lake Kristinfort
405371,Brittany Sanchez,yvettejohnson@example.net,P,Madrasah,2023,Harrismouth
441322,Anna Thomas,ymorales@example.com,L,SMA,2016,East John
330991,Jessica Davis,brucewolf@example.org,P,Madrasah,2019,Davismouth
710385,Christopher Henderson,mshepherd@example.net,L,SMK,2020,Port William
195426,Curtis Moore,tonyavasquez@example.com,P,SMK,2023,Smithberg
389653,Zachary Graham,sandrakemp@example.org,P,Madrasah,2020,Morganland
965128,Susan Miller,howardkathryn@example.net,P,Madrasah,2017,Wilsonton
295306,Natalie Smith,amyjackson@example.com,P,SMA,2020,Lake James
371284,Ms. Emma Gilbert DDS,ggarza@example.org,P,SMK,2017,Perezview
271733,Christopher Murray,vanessa94@example.org,P,SMA,2018,Fergusonchester
809817,Laura Smith,johnsoncraig@example.net,P,SMK,2023,South Douglas
413356,Julie Pineda MD,hendersonwilliam@example.com,L,SMK,2023,South Allison
303984,Austin Perkins,chadlevine@example.net,L,Madrasah,2017,Mikeville
722507,Emma Strickland,harrisonrick@example.net,P,Madrasah,2019,Port Sharonburgh
126992,Charles Castillo MD,debraweber@example.net,L,SMA,2016,Johnsonville
637493,Ricardo Robinson,ywilliams@example.com,L,SMK,2018,Port Dustin
852750,Joshua Castillo,sullivanchristian@example.org,L,SMA,2020,West Jonathan
371031,Megan Morrison,bakerdonna@example.org,L,SMA,2017,South Caleb
236437,Benjamin Mejia,butlertamara@example.com,P,Madrasah,2016,Lake Jamesbury
761955,Todd White,cookwillie@example.org,P,SMA,2021,East Josephhaven
661141,Lindsay Wallace,changmichelle@example.com,L,SMK,2017,Patrickborough
475673,Melissa Powell,josephbell@example.com,P,Madrasah,2016,New Andrealand
633393,Randall Herrera,snyderkyle@example.com,L,Madrasah,2015,Jasonview
292533,Kathryn Richards,sobrien@example.net,L,SMA,2018,New Gail
900076,Jaime Webb,kkidd@example.net,P,SMA,2016,West Melissashire
462137,Kara Rodriguez,kellyandrews@example.net,L,SMK,2015,South Carlos
996689,Amanda Roberts,navarrokathleen@example.com,P,SMA,2015,Thomaschester
610714,Karen Bishop,tallen@example.com,P,SMA,2021,Lake Sharon
645297,Brian Wheeler,sshaw@example.net,P,SMK,2023,Lake Jonathanport
686023,Jillian Beasley,melvin84@example.net,P,Madrasah,2017,Wrightshire
326336,Tiffany Gutierrez,hernandezamber@example.org,P,Madrasah,2015,New Anthonyfort
303857,Amber Gonzalez,bobbyhuffman@example.org,L,Madrasah,2019,Lake Tracey
358596,Beth Holland,peggy37@example.net,L,SMA,2023,Lake Josephshire
247097,Elaine Daugherty,debbie21@example.org,P,SMK,2020,Mitchellmouth
258590,David Stokes,paul36@example.com,L,Madrasah,2021,North Anita
276857,Darrell Vasquez,jeffreypierce@example.org,L,SMA,2022,South Alicia
461570,Christine Waters,ijensen@example.net,P,SMA,2017,Jacobsonmouth
880280,Thomas Robinson,kennethwarner@example.com,L,Madrasah,2017,Waynefurt
283531,Shawn Mullen,richard29@example.org,L,SMK,2015,Mackview
621481,Chris Ruiz,cristina18@example.com,L,SMK,2020,Morganmouth
979905,Tiffany Horton,mackkara@example.net,L,SMK,2022,Thomasborough
543858,Carlos Villa,umitchell@example.org,P,SMK,2015,West Timothymouth
942002,Christopher Miller,travis91@example.org,L,Madrasah,2017,Port Robertfurt
423085,Elizabeth Schmidt,martha70@example.net,P,SMK,2016,Garciaville
902757,Jacqueline Anderson,catherine16@example.net,P,SMK,2019,Josephburgh
357333,Brett Mcdonald,mccallkelly@example.com,P,Madrasah,2017,Wheelerstad
351426,Andrew Charles,frychristian@example.org,L,SMA,2017,South Emilyborough
934618,Michelle Wade,nathan52@example.org,P,SMK,2020,Gainesberg
145935,Daniel Williams,jill04@example.org,P,SMA,2020,Hortontown
877835,Marcia Hanna,thomasmeyer@example.com,P,SMA,2021,New Teresamouth
252529,James Bruce,pricedavid@example.org,P,SMA,2017,West Maryton
846922,Bryan Baker,kking@example.com,P,SMK,2016,East Tonyaton
692169,Samantha Bell,vangderrick@example.com,L,Madrasah,2016,Dillonberg
868577,Ariel Salas,steven53@example.org,P,Madrasah,2016,South Lauraview
701191,Melissa Miller,kayladodson@example.com,P,SMA,2016,West Mariah
965102,Brianna Cohen,ochapman@example.org,L,SMA,2016,Lake Kelly
516984,Adrienne Dixon,denise90@example.org,P,SMK,2017,West Alec
655723,Cynthia Banks,ddickson@example.com,L,SMK,2021,Geoffreychester
641392,Tiffany Perry,taylor82@example.net,L,SMA,2015,Lake Mary
349383,Priscilla Baldwin,claireadkins@example.com,L,SMK,2017,Sarahport
289443,Mr. Richard Bryant,kevinyoung@example.com,L,SMA,2021,Gloriashire
977773,Marcus Harris,carlsonangela@example.org,P,Madrasah,2022,Lake Robertberg
621844,Lisa Walter,jaredmoore@example.com,L,SMA,2016,Patelville
550583,Stacey Anderson,singletonrachel@example.org,L,Madrasah,2023,Nicolefurt
795903,Martha West,laurenkramer@example.org,P,SMK,2017,South Daniel
212375,Sarah Rodriguez DVM,sanchezdaniel@example.com,P,SMA,2022,Stricklandburgh
930177,John Jackson,tlong@example.org,L,SMA,2019,New Laurenland
504532,Douglas Bennett,jensenyvette@example.com,P,SMA,2017,Armstrongport
652673,Travis Powell,tonya54@example.org,L,Madrasah,2016,New Diana
857030,Jeremy Palmer,carrilloalejandra@example.org,P,SMK,2017,Pattersonville
658450,Victoria Joyce,luiskelly@example.org,L,SMK,2017,West Christopherton
749635,Michael Tate,michael23@example.com,L,SMA,2016,Kaylaland
576594,Tracy Camacho,grahamjames@example.net,P,SMA,2021,Transide
894917,Peter Garcia,petersonjared@example.net,P,SMA,2020,Marymouth
792607,Sarah Martinez,brownheather@example.com,L,Madrasah,2016,Johnsonville
952197,John Guerrero,christopher12@example.org,L,SMK,2015,South John
221577,Thomas Hughes,zburnett@example.org,L,SMA,2018,New Jonathanmouth
489763,Kathleen Carter,hannah18@example.com,L,Madrasah,2022,Angelaburgh
796053,Edward Huang,susan84@example.com,P,Madrasah,2017,Kimhaven
462480,Joyce Mason,paulnicole@example.org,P,SMK,2019,Sarahborough
683410,Sandra Edwards,ambermichael@example.com,P,SMK,2016,Jennifermouth
805995,Joseph Jenkins,lauren71@example.net,P,SMA,2016,Wrightside
781569,Kimberly Pierce MD,clee@example.net,L,Madrasah,2021,Fernandezton
630891,Jason Welch,woodsmichael@example.org,L,Madrasah,2022,Teresamouth
496574,Dylan Ramsey,khaley@example.net,P,SMA,2015,West Summerton
538698,Kevin Griffin,xballard@example.org,L,Madrasah,2016,Lake David
995780,Sharon Evans,aturner@example.com,L,SMK,2016,East Sergio
115428,Christopher Harrison,utate@example.net,L,Madrasah,2021,Ernesttown
345655,Cody Cisneros,harperjeffery@example.com,P,SMK,2022,New Jenniferburgh
897345,Laura Davis,jamessmith@example.com,L,Madrasah,2018,Coxport
381721,Nicholas Woods,susan33@example.org,P,SMA,2017,Johnshire
899987,Rachel Powers,alejandra26@example.net,L,SMK,2016,Kevinside
426038,Derek Long,michelle45@example.com,L,Madrasah,2020,North Tylertown
995904,Jamie Johnson,mitchelltraci@example.net,P,SMA,2015,Port Ericton
943193,Paul Smith,joneslaura@example.org,L,SMA,2018,West Alan
177513,Susan Kelly,hensonkimberly@example.net,P,SMA,2017,Jenniferview
459384,Debra Meadows,lrobinson@example.org,L,Madrasah,2020,Port Antonioton
961558,Ryan Rosario,simpsonlinda@example.org,L,SMK,2019,Port Edward
265187,Justin Wilson,amy35@example.com,P,Madrasah,2015,Port Melanieberg
980501,Kenneth Henry,dyerkayla@example.org,L,SMK,2017,Gonzalezland
859796,John Garrett,katherine09@example.org,L,Madrasah,2021,New Lisaville
341522,Michael Johnston,nicolegarcia@example.net,P,SMK,2019,Lake Tracy
360833,Sherry Torres,griffinleslie@example.net,L,SMA,2021,North Scott
359800,Daniel Hunter,lucasgloria@example.net,P,SMA,2018,Hollyview
140757,Felicia Torres,fanderson@example.net,P,SMA,2021,New Sean
958671,William Smith,chris40@example.net,P,SMK,2020,Port Donnaport
342711,Shawn Lopez,heather63@example.com,P,Madrasah,2019,Nicolefort
183317,Elizabeth Tyler,zacharycompton@example.net,P,SMA,2019,West Lisaview
928421,Amber Benson,thompsonjeremy@example.net,L,SMA,2022,Port Courtney
162701,Kelsey Benitez,juliegrant@example.org,L,SMK,2017,South Jackson
301912,Jason Mitchell,vcox@example.net,L,Madrasah,2021,Gallowayton
953919,Mrs. Tara Mendoza,swansonrebecca@example.com,L,SMA,2016,West Jose
485717,Brittney Davis,matthew15@example.net,P,SMA,2019,Port Samanthaton
876181,Paige Medina,priceanthony@example.org,L,SMA,2017,Stevensonton
406560,Steve Jackson,jim44@example.com,L,SMA,2021,West Brenda
297603,Jennifer Nguyen,parsonsnicholas@example.org,L,SMK,2021,Martinezmouth
401033,Jill Huynh,jasmin04@example.com,L,Madrasah,2023,Williamville
625272,James Moore,jeremyjacobson@example.com,P,Madrasah,2016,Tylerborough
798456,Christine White,davidjordan@example.net,L,SMA,2015,Sarahview
885578,Andrew Smith,monica81@example.com,P,SMK,2018,Lake Terri
123118,Christopher Patel,swright@example.net,P,Madrasah,2016,North Lindseyfort
991620,Damon Miller,robinroberts@example.com,P,Madrasah,2018,New Christopherborough
883247,Gabriel Murray,donald20@example.net,P,Madrasah,2019,Gregoryview
278092,Christina Perez,nathanflores@example.com,P,Madrasah,2022,Englishville
108133,Anna Hobbs,deckerdonna@example.org,L,SMA,2020,Vaughanmouth
194821,Joseph Miles,gvincent@example.com,L,Madrasah,2021,Anthonyfurt
842233,Laura Contreras,odowns@example.net,P,SMA,2017,Lake Courtney
399694,Daniel Hernandez,jsanchez@example.net,L,SMK,2015,South Ricardo
941733,Emily Herrera,carly96@example.com,P,SMA,2022,Port Coryburgh
567169,Micheal Pugh,cordovajennifer@example.org,L,SMA,2018,Port Johnborough
288813,Jenna Morrison,kaylamassey@example.net,P,Madrasah,2018,Danielstad
646438,Brian Wolfe,newmanaustin@example.net,P,SMA,2023,New Michaelton
132942,David Krause MD,nicolepetty@example.org,P,SMA,2022,Jessicaton
920195,Alexis Cameron,hinestraci@example.net,L,Madrasah,2020,Grahamland
665533,Dr. Heather Johnson DVM,andrew87@example.com,L,Madrasah,2021,East Donna
357215,Beverly Myers,allisonbenson@example.net,P,SMK,2016,Josephfurt
166975,Randy Rice,glittle@example.com,P,Madrasah,2015,Walkerfurt
889788,Mindy Wallace,pattonjacob@example.org,P,SMA,2021,Marissachester
537644,Joseph Hansen,timothy34@example.org,P,SMK,2022,Parsonsfurt
333384,Stephanie Cruz,kwyatt@example.com,L,Madrasah,2020,East Jasonmouth
763003,Jody Bush,rochastephanie@example.net,P,SMA,2019,New Jameschester
811517,Dr. Donald Hernandez DVM,kevin90@example.net,P,SMA,2022,North Jacobchester
381234,Monica Farley,wallacecatherine@example.org,L,SMK,2017,Lake Virginia
755470,Mrs. Chelsea Shields,meyerchristine@example.net,P,SMA,2016,West Williamville
974260,Adam Stewart,curtis20@example.org,P,SMK,2023,North Dalton
317439,James Freeman,amorrison@example.com,P,SMK,2021,Johnview
982603,Gary Patterson,wendyharris@example.net,L,SMA,2016,East Erika
273541,Angela Estes,zwu@example.com,P,SMK,2018,Glassfurt
138571,Andres Rush,hernandezmargaret@example.org,L,SMK,2017,Lake Carolstad
709920,Marcus Davis,fosterronald@example.com,P,SMK,2021,Jonville
572930,Stacey Gonzalez,blopez@example.org,L,Madrasah,2019,Glennshire
751000,Daniel Bolton,rwallace@example.org,P,SMA,2022,Lake Arthur
737493,Erin Robinson,wesley12@example.com,P,SMA,2021,West Chelsea
812007,Charles Cook,martin34@example.com,L,SMK,2021,North Shanemouth
283289,Matthew Melton,pwilson@example.org,L,SMA,2020,West Mariaville
437164,Courtney Hodges,romerobrandy@example.com,P,SMK,2022,Lake Joyton
436343,Samantha Castaneda,brownkyle@example.org,L,Madrasah,2017,North Kenneth
309226,Albert Bauer,trevormichael@example.net,L,SMA,2023,Scottberg
374373,Norma Martin,jonathan79@example.com,L,Madrasah,2019,Huffmanborough
490149,Eric Padilla,handrews@example.org,L,Madrasah,2019,South Michele
911714,Christina Foster,sellis@example.net,P,Madrasah,2020,Mitchellstad
323424,Megan Ramos,luis70@example.net,L,SMK,2017,Esparzaton
778856,Jennifer Taylor,jeremy80@example.org,L,SMA,2019,East Alyssa
628794,David Rogers,hernandezalicia@example.net,P,SMK,2021,South Charlesport
117387,Tara Romero,sherry92@example.net,P,Madrasah,2016,North Matthew
243999,Brandon Nelson,cruzdonna@example.net,L,Madrasah,2022,Jillville
865761,Steven Castro,bryantbethany@example.org,P,Madrasah,2016,East Jennifer
488547,Alison Eaton,rperry@example.org,P,SMK,2021,East Francis
226287,Scott Bell,kayla87@example.com,L,SMA,2015,Sandrahaven
262874,Alex Thomas,vtorres@example.com,L,SMA,2022,Alexchester
692675,Michael Harris,chaseamanda@example.org,P,SMK,2020,East Cynthiaside
386706,David Gonzalez,wcameron@example.com,L,SMA,2023,Marissafort
427231,Shannon Barnes,erik34@example.org,P,SMA,2020,South Lori
767719,Deanna Scott,carterdakota@example.net,L,Madrasah,2023,Kimberlyfort
643051,Beth Fuller,james98@example.com,P,SMA,2022,North Katrina
977690,Emily Pineda,susan62@example.com,P,SMA,2023,Laurastad
489675,Natasha Carter,randallandrew@example.com,L,Madrasah,2021,Lake Zacharymouth
794876,Kari Williams,michelle28@example.org,P,Madrasah,2022,New Jenniferberg
488329,Manuel Ayala,danielmichael@example.com,P,SMK,2018,Lake Richard
159747,William Torres,kyle89@example.net,L,SMA,2018,Allenland
264334,Jesse Martinez,apeters@example.com,P,SMK,2016,Robinsonmouth
627061,Karen Mayo,zharvey@example.net,L,SMK,2021,Dannyside
570643,Julia Avery,chaneysarah@example.org,P,SMK,2017,New Evelynfurt
988128,Joel Duncan,harmonmarco@example.org,L,SMK,2020,Connieview
590830,Peter Franco,heathergillespie@example.org,P,SMK,2017,Jerryburgh
421040,Glenn Baird,alexisfox@example.com,P,SMK,2020,West Matthewtown
999673,Bryan Smith,whowell@example.org,L,Madrasah,2022,South Donna
726606,Louis Warren,margaret34@example.org,P,SMA,2021,West Jeffborough
365246,Erica Ellis,karenwhite@example.net,P,Madrasah,2016,North Cherylberg
100539,Rose James,shawn36@example.net,L,SMK,2017,Jacksonberg
352033,Mark Ramirez,shawrobert@example.org,L,Madrasah,2017,Nicholsonmouth
218863,Jessica Martinez,christopher21@example.com,P,Madrasah,2019,Coleton
688420,Shawn Dennis,steven77@example.com,P,Madrasah,2020,Pottshaven
567203,Bailey Castro,carriebishop@example.org,L,SMK,2016,Lake Jasonberg
514836,Dustin Ingram,gutierrezsara@example.net,P,Madrasah,2019,Lake Stephaniefort
405482,James Greer,gbright@example.net,L,Madrasah,2021,Port Michael
333441,Willie Davis,vjordan@example.com,L,SMK,2015,East Danielletown
390951,Savannah Clark,reginawilliamson@example.com,L,SMA,2023,Port Debra
212250,Carol Hughes,birwin@example.org,L,SMK,2019,Lake Loribury
628888,Heidi Wall DVM,toddrobert@example.com,P,SMK,2023,Rollinsshire
842634,Peter Barrera,jordanjanet@example.com,P,Madrasah,2021,Lake Morgan
364708,Cheryl Carr,elizabeth30@example.com,L,SMK,2023,East Jessicaburgh
716994,Natalie Ryan,laura78@example.net,P,SMK,2015,North Lonnie
525884,David Rodriguez,wcopeland@example.com,L,SMK,2019,Jessicaview
575353,Kristen Pierce,lambertgregory@example.org,L,Madrasah,2015,Walkerberg
730775,Harry Espinoza,ohahn@example.com,P,Madrasah,2023,West Scottmouth
980070,David Lawson,daviserica@example.com,P,Madrasah,2016,Robersonfort
323114,Marilyn Crawford,thomas32@example.com,P,SMA,2018,Beckyside
342322,Leslie Schaefer,imaldonado@example.org,P,SMK,2020,East Andrea
865484,Denise Martin,hparker@example.org,P,SMA,2017,Shawnaside
945087,Melinda Stone,ronaldmanning@example.com,P,SMA,2017,Lake Connie
528621,Brandon Burke,wheelerjames@example.com,P,SMK,2023,East Mollyhaven
151878,Matthew Anderson,criggs@example.com,P,Madrasah,2018,West Heather
927246,Jill Gonzales,tracey73@example.net,L,SMA,2019,East Marybury
595979,Katherine Jensen,josephhall@example.com,P,Madrasah,2015,North Laura
800099,Kyle Ross,patricia84@example.net,L,SMA,2018,East Samanthaburgh
961997,Mr. Christopher Dorsey,kcooper@example.com,P,Madrasah,2019,North Jackieport
835787,Brian Porter,russellcook@example.com,P,Madrasah,2017,Benjaminshire
247500,Thomas Woods,bryantrichard@example.com,P,SMK,2019,Lake Andreafort
666337,Courtney Stewart,ashley82@example.net,P,SMA,2019,North Kimberlyburgh
968622,Alexandra Acosta,qwright@example.org,L,SMK,2020,East Traviston
453785,Heather Davis,jesusmullen@example.net,P,Madrasah,2021,Lake Steven
945193,Steven Trevino,thomasgarcia@example.com,P,SMA,2018,South Evanside
323159,Nathan Gonzalez,marissabrady@example.org,P,Madrasah,2022,Lake Dominique
865635,Leonard Cannon,jonesscott@example.net,L,SMA,2015,Earlmouth
290144,Kim Gutierrez,scott19@example.com,L,SMK,2021,Jackfurt
410791,Kimberly Shelton,lewiskrista@example.com,P,SMA,2021,Stevenview
503277,Sabrina Hurst,paula73@example.org,L,SMK,2017,West Frank
427157,Bridget Carter,williamsoto@example.org,P,Madrasah,2018,Jillshire
524303,Colleen Kelly,williamsjohn@example.net,L,SMA,2017,New Scotttown
237018,Joy Rodriguez,rsolis@example.org,P,Madrasah,2022,Heidiville
165972,Joseph Alvarez,billyramos@example.com,L,SMA,2017,Lake Lisa
344949,Stanley Hernandez,joshua95@example.org,L,SMA,2023,Brittanyville
265864,John Aguirre,jlee@example.com,P,SMA,2018,North Julieland
120284,Kelly Matthews,brittneycurtis@example.net,L,SMA,2022,Robinsonport
159802,Christopher Collins,christopherbowers@example.com,P,SMA,2020,Rosefort
873653,Herbert Clay,elizabethadams@example.net,L,Madrasah,2020,East Stephaniehaven
232573,Jennifer Rivera,anthony75@example.net,L,SMK,2019,Justinville
215836,Mr. Timothy Tucker Jr.,ashleypark@example.net,L,Madrasah,2015,Lake Nicholestad
437943,Ashley Campos,opeterson@example.com,L,Madrasah,2015,Ginaburgh
260230,Gary Hansen,wdean@example.org,L,SMA,2021,Isabellashire
948405,Larry Davis,kevans@example.org,L,SMA,2018,Jonesfort
959855,Jennifer Brooks,amartinez@example.org,L,SMK,2022,South Alexander
266863,Amber Olson,andrew33@example.org,L,Madrasah,2023,East Emmaberg
746035,Richard Williams,marcuszimmerman@example.com,L,SMA,2020,Richardsonview
207042,Jamie Vasquez,torresjodi@example.com,P,Madrasah,2020,Villanuevaside
766598,Luke Brown,nspencer@example.com,P,Madrasah,2020,Port Guy
650333,Laura Brown,ucabrera@example.com,P,SMA,2016,East Victoriahaven
196291,Ashley Ellis,rmiller@example.net,L,Madrasah,2017,North Danielshire
458850,Caitlyn Stephens,lkelly@example.net,L,SMA,2022,East Laura
873049,Linda Silva,dylan16@example.com,P,SMA,2017,Rachelview
160503,Chad Clark,regina43@example.net,L,Madrasah,2017,West Cynthiashire
552991,Benjamin Faulkner,millersamuel@example.com,L,Madrasah,2022,South Johntown
249355,Joseph Kirk,billynguyen@example.org,P,SMA,2018,Burkeside
869157,Heather Gutierrez,johnjones@example.net,P,SMA,2020,New Michaelborough
122458,Ann Underwood,uswanson@example.com,P,SMA,2021,Alisonshire
310083,Mikayla Benjamin,amanda06@example.net,L,Madrasah,2023,North Heather
258841,Hunter Faulkner,zhenry@example.com,L,Madrasah,2019,Lake Michael
328416,Kristin Smith,pmorgan@example.org,P,SMA,2021,South Michael
231186,Shelby James,yolandawilliams@example.org,L,Madrasah,2023,Snowstad
273624,Robert Wilson,cbanks@example.net,P,SMK,2020,Collinsshire
635545,Amy Bryant,herringchristopher@example.org,L,SMA,2021,Michaelshire
650260,Tommy Carey,hwilcox@example.org,P,SMK,2015,East Nicholasburgh
883938,Laurie Smith,jeffery82@example.org,P,Madrasah,2021,Kimberlyview
932474,Eric Taylor,moraleskenneth@example.org,L,SMK,2017,Nataliestad
748859,Margaret Nash MD,tiffany84@example.net,P,SMA,2016,Anthonychester
485670,Brett Sloan,caitlynturner@example.net,L,Madrasah,2023,New Jennifer
521992,Jill Kennedy,ashleyhardy@example.org,L,SMK,2019,West Zachary
860528,Chelsea Castaneda,eric78@example.net,L,Madrasah,2019,North Matthew
473515,Denise Bennett,steven36@example.com,L,Madrasah,2019,Willisborough
390119,Matthew Ryan,alexandra97@example.org,P,SMK,2020,Lake Veronicafurt
349006,Melissa Swanson,jessica41@example.org,P,SMK,2016,Port Elizabethside
615048,Scott Peterson,edwardsjackson@example.net,L,SMK,2020,Solomonfurt
193920,Kendra Thomas,cdouglas@example.net,P,SMA,2018,Bautistaburgh
230745,Melissa Yates,hsanchez@example.net,L,SMK,2017,Sarahberg
107678,Jimmy Davis,tmitchell@example.org,P,SMA,2015,Edwardtown
429693,Andrew Joyce,christophermcconnell@example.org,P,Madrasah,2020,Jillianmouth
520742,Jodi Mcdonald,powellroy@example.com,L,Madrasah,2018,Pittmanberg
179807,Cindy Jones,ncollins@example.org,P,SMA,2020,Lake Joeport
509163,Ronald Wilson,tannernichols@example.com,L,Madrasah,2023,Harrisburgh
469441,Vanessa Stout,montgomerylindsey@example.net,P,SMA,2018,West Kevin
529831,Dennis Roberts,seanedwards@example.net,P,Madrasah,2023,Davistown
499490,Randy Mccarthy,cjenkins@example.net,P,SMK,2020,Turnerfort
743112,Tracy Ritter,evansthomas@example.org,P,Madrasah,2020,Kimside
964438,William White,ljohnson@example.net,P,Madrasah,2023,Port Jenniferville
355279,Elizabeth Jackson,leejennifer@example.org,P,SMA,2022,Ambershire
349137,Matthew Good,halljose@example.net,P,SMA,2022,New William
558843,David Coleman,mwilliams@example.com,P,SMA,2016,Richardsonside
559846,Kelly Hensley,robertavincent@example.net,P,SMA,2019,East Daniellemouth
482957,Danielle Lewis,vblankenship@example.org,P,Madrasah,2016,Port Stevenland
532897,Jennifer Stephens,tkim@example.com,L,SMK,2023,Bryantmouth
233503,Jamie Bell,zday@example.com,L,Madrasah,2015,Port Steven
307937,Robin Nguyen,megan32@example.com,L,SMK,2017,Garyfurt
857373,Tracy Hensley,pgreen@example.net,L,Madrasah,2023,South Anthonyhaven
809934,Wayne Barton,mmiller@example.net,P,SMA,2021,North Oliviaport
113657,Patricia Bennett,hwilliams@example.org,L,SMA,2020,New Robert
208283,Brooke Robinson,rebecca70@example.org,P,Madrasah,2023,New James
174126,William Santos,hsnyder@example.net,L,Madrasah,2015,Francoshire
438854,Alicia Armstrong,jonathan91@example.net,L,SMA,2017,South Sarahhaven
699646,Aaron Higgins,garciafred@example.org,P,SMK,2020,Jamesfurt
199579,Bryan Wood,sharon39@example.com,P,Madrasah,2017,Mcknightfort
648772,Nicole Taylor,dana41@example.org,L,SMK,2021,Vasquezmouth
845574,Timothy Gibson,mholt@example.org,L,Madrasah,2021,Holtport
659185,Robert Cortez,megan01@example.net,P,SMA,2019,Rachelmouth
384216,Brian Haynes,jeffrey89@example.org,P,SMK,2022,East Kellybury
564316,Kevin Burns,brian62@example.org,L,SMK,2020,South Heather
712851,Mark Lynn,watsonsandra@example.org,L,Madrasah,2023,Alexchester
303770,Michelle Miller,james98@example.com,P,SMK,2016,North Mary
574199,Philip Ramirez,gatesellen@example.net,P,SMK,2022,East Brandonhaven
798170,Michael Archer,greenthomas@example.org,L,Madrasah,2021,West Robert
418336,Laurie Schmidt,lindsey89@example.com,P,SMA,2023,East Heatherborough
716873,David Roberts,lhendrix@example.com,P,SMK,2020,Scottville
759489,Mrs. Stacey Johnson,cheryl80@example.net,P,Madrasah,2016,North Molly
345259,Jeffrey Huff,mmartin@example.com,P,Madrasah,2023,Hamiltonland
155176,Deanna Mora,nicholas10@example.org,L,SMK,2021,South Emily
239895,Michael Sanchez,heather69@example.com,P,Madrasah,2023,West John
362121,John Castro,eowens@example.org,P,SMK,2018,East Miranda
893257,Traci Wilson,stevenbarber@example.com,P,Madrasah,2019,North Edwardville
982121,Kristen Miller,zgarrison@example.net,P,SMK,2016,Robertfurt
858296,Kim King,gsanders@example.org,P,SMA,2022,Port Lindaview
199350,Anthony Silva,kyle27@example.com,L,SMK,2019,Port Christopher
943861,Krista Hale,xgonzalez@example.org,L,SMA,2015,Morganfurt
955141,Samuel Henderson,mendozajoshua@example.com,L,SMA,2022,Christopherfort
569237,Joseph Cordova,jorgebarton@example.com,L,SMK,2016,Lake Jason
550183,Lisa Smith,smithjaclyn@example.com,L,SMK,2017,West Matthew
546364,Sabrina Singleton,johnsonmelissa@example.com,P,SMA,2023,East Andrewtown
474623,Linda Mercado,kaylaturner@example.com,L,Madrasah,2020,Port Michele
952020,John Gomez,freytimothy@example.net,P,SMK,2017,Evanston
670677,Amy Hunter,meganmatthews@example.org,L,SMK,2015,Lake Patrickborough
602342,Annette Obrien,fgarcia@example.org,L,Madrasah,2023,Brookstown
508442,Tanya Cooper,huberangel@example.com,L,SMA,2021,Michaelshire
569919,Edwin Smith,pam09@example.com,L,SMA,2015,Lake Allisonland
524304,Daniel Thomas,courtneychurch@example.com,P,SMA,2017,Marissashire
319764,Heidi Watkins,christopher00@example.com,L,Madrasah,2023,Jamesbury
733060,Shawn Ryan,wward@example.org,L,Madrasah,2018,Edwardfort
749807,Adam Williams,curtis88@example.org,P,SMK,2020,Teresatown
727893,Laura Fleming,gsmith@example.org,P,Madrasah,2020,South Luis
667014,Timothy Walter,maria73@example.org,L,SMA,2018,New Jamesfurt
238438,David Wells,zachary05@example.com,P,SMK,2021,Timothyland
779014,Brittany Bonilla,eriley@example.com,L,SMK,2016,Emilyville
710659,Amanda Taylor,mhenry@example.net,L,Madrasah,2020,Carlosfort
785310,Melanie Tran,meaganholmes@example.org,P,SMA,2023,Brandonshire
458089,Diana Cook DDS,klewis@example.net,L,SMK,2018,New Brianbury
573645,Brian Aguilar,amyhuber@example.org,P,SMK,2017,West Oliviaton
415996,Nathan Ferrell,johnclark@example.net,L,Madrasah,2020,North Jenniferview
996311,Andres Ryan,robinlane@example.org,P,SMK,2021,Timothybury
990035,Marcus Stone,richard69@example.org,L,Madrasah,2019,Marthaberg
367661,Ashley Wallace,isimmons@example.com,P,SMA,2022,Shellytown
389333,Savannah Myers,dthomas@example.net,L,SMK,2018,Davidside
870174,Kyle Edwards,kennedyrobin@example.net,P,SMK,2023,West James
131205,Kenneth Webster,lunalinda@example.net,L,Madrasah,2020,Mitchellstad
175452,Steven Douglas,troy@example.org,L,SMA,2021,South Alyssashire
754719,Sabrina Conway,austinclark@example.org,L,SMK,2023,Erikaport
716742,Dawn Berry,fuentesmichelle@example.net,P,SMA,2015,Petersonton
428944,Kimberly Bennett,rodney13@example.net,L,SMK,2021,East Andreaton
860030,Steven Pratt,rrobinson@example.com,L,Madrasah,2019,Jenniferview
544050,Amy Leblanc,muelleramber@example.org,P,Madrasah,2015,East Amy
752351,Paul Pena,cclark@example.net,P,Madrasah,2019,Cassiebury
514834,Melanie King,christopherperry@example.org,P,SMA,2015,South Amytown
761515,Timothy Nelson,jessica29@example.net,P,SMA,2015,Nicholasborough
203138,Donald Anderson,olang@example.org,L,Madrasah,2016,Clayburgh
734260,Adam Rubio,mark78@example.net,P,SMK,2022,North Christopher
145035,Benjamin Wright,tiffany95@example.net,L,SMA,2020,Harperport
452342,Julie Jones,rachaelzimmerman@example.org,P,Madrasah,2018,Tamaraborough
364494,Melissa Johnston,cherryjacqueline@example.org,P,SMK,2015,Hicksport
598308,Matthew Oneal,raven63@example.com,P,SMA,2021,Tracyburgh
921649,Jill Reed,iday@example.org,P,SMK,2023,Port Ericfort
561144,Jason Lang,timothyjones@example.org,P,SMK,2022,Ravenport
222698,Patricia Wright,dixonshelly@example.com,L,Madrasah,2022,East Julianborough
471733,Kyle Roth,tannernelson@example.com,L,SMK,2017,West Mary
871334,Joshua Wallace,traviswright@example.com,L,SMK,2022,Kathleenland
133118,Amanda Garner,maureen87@example.org,P,Madrasah,2018,Smithchester
777785,Angela Gallagher,scott67@example.net,P,SMA,2017,South Samanthafurt
875287,Brandon Norris,jacksonmatthew@example.com,P,SMA,2016,Lake Davidmouth
209885,Sabrina Simpson,charles90@example.net,P,SMK,2022,Port Lauraland
892524,Heather Erickson,johnmurphy@example.com,L,SMK,2019,Kellyhaven
483702,Jason Santiago,johnstonkathryn@example.net,L,SMK,2020,Craigfurt
789278,Mary Rose,jordan39@example.com,L,SMK,2015,Tatehaven
242874,Caitlin Chan,tasha77@example.com,L,Madrasah,2020,Lake Noahview
956074,Yolanda Gonzalez,michelle86@example.net,P,SMK,2016,Sarahside
886971,William Bradley,scott46@example.net,L,SMK,2018,North Anthonyburgh
120912,Patrick Lucas,benjamin46@example.com,L,SMA,2017,West Julie
384331,Jennifer Paul,turnerpamela@example.org,P,SMK,2015,South Johnton
740920,Wendy Freeman,cruzdaniel@example.org,P,SMA,2018,South Heatherburgh
418356,Danny Thomas,oliverdiana@example.org,P,SMK,2016,East Diana
168236,Julia Lee,osmith@example.net,L,SMA,2021,North Sandyfurt
560370,Scott Madden,simpsonkelly@example.com,P,Madrasah,2023,Clarkburgh
494906,Timothy Smith,hilljonathon@example.net,P,SMA,2021,Natashastad
725341,Melinda Wilson,djones@example.com,P,SMK,2023,Diazshire
893700,Susan Simon,william77@example.org,L,SMK,2021,Jeffreyhaven
569549,Misty Price,angelaschwartz@example.com,P,Madrasah,2016,Monicaberg
809891,Paul Robertson,samuelmarsh@example.org,P,SMA,2022,West Sharon
791175,Laura Hernandez,sharpkelly@example.net,L,SMK,2016,Davishaven
732737,Brandon Scott,stephaniepatrick@example.com,P,SMA,2023,West Juanmouth
357473,Regina Johnson,troy35@example.org,L,SMK,2023,East Shellyfort
562347,Sean Duffy,alambert@example.org,L,SMK,2023,New Peter
848811,Maria Rodriguez,martinezdana@example.org,P,Madrasah,2015,North Jessica
563914,Cole White,marcusnovak@example.com,P,SMK,2018,Tristanton
579723,Andrea Wu,steven42@example.com,P,Madrasah,2020,East Jonathanstad
813367,Aaron Mathews,kennethpayne@example.com,P,Madrasah,2020,North Christopherborough
341572,Luis Diaz,ivaughn@example.net,L,SMA,2019,East Steven
283945,Mrs. Jasmine Lynch DDS,wrightamy@example.org,L,SMA,2015,Jasonhaven
244688,Jonathan Harmon,jenkinsalyssa@example.org,L,SMA,2016,North Kimberly
457471,Emily Alexander MD,meyersfrank@example.org,L,SMK,2023,Courtneyville
211449,Adam Hayes,simpsontanya@example.org,L,SMK,2015,South Joshuabury
814111,Caroline Brown,rjones@example.com,L,SMK,2023,Erinchester
100859,Jenna Marquez,bobby16@example.org,P,SMK,2020,Gabrielmouth
537078,Jason Horton,tammyhoward@example.com,L,SMA,2019,North Danport
696098,Ashley Phillips,ryancampbell@example.org,L,Madrasah,2021,South Margaret
453578,Jenny Myers,tara96@example.com,P,Madrasah,2018,Shahshire
960024,Zachary Walker,amandanewman@example.net,P,SMK,2015,North Benjamin
724546,Lisa Brown,christinestephens@example.com,P,Madrasah,2018,Perkinsmouth
799762,Anita Raymond,mariacarr@example.org,P,Madrasah,2023,South Steven
575727,Alejandra Ross,cchapman@example.net,L,SMK,2021,Port Thomasville
158941,Brandy Allen,pricedavid@example.net,P,Madrasah,2019,Port Chad
890404,Timothy Holland,gregg85@example.net,P,Madrasah,2016,West Jasmineberg
243063,Thomas Rodriguez,michael53@example.org,P,SMK,2023,Farrellhaven
194322,Laura Thomas,smithjessica@example.org,P,Madrasah,2021,North Brett
628570,Katherine Mahoney,chris43@example.com,L,SMK,2022,South Timothy
769587,Craig Mckay,lesterlori@example.org,P,Madrasah,2022,Ericfort
332641,Joshua Grant,diane11@example.com,L,SMK,2015,Ashleyland
586224,Stephanie Oneill,levyjoshua@example.org,L,SMA,2015,Humphreyside
856801,Andrew Salazar,haleypadilla@example.com,L,Madrasah,2021,West Desiree
145033,Martha Grant,powellelizabeth@example.com,L,SMA,2022,Lake Dave
358357,Barry Ramirez,marquezandre@example.com,L,SMA,2015,West Michael
194516,Dr. Robin Bell,christineunderwood@example.net,L,SMK,2018,Port Loganmouth
958901,Jonathan Stewart,baldwinjoshua@example.org,L,SMA,2021,Blackwellberg
766476,Miguel Greene,mcgrathtiffany@example.com,P,SMA,2022,East Andrewchester
831254,Shane Campbell,mollysmith@example.org,P,SMA,2017,Micheleborough
233553,David Hendricks,jillquinn@example.com,P,SMK,2018,Susanmouth
936954,Philip Porter,huffmancristina@example.org,P,SMA,2019,West Makayla
128243,Amanda Edwards,joseph88@example.net,L,SMA,2019,Manuelchester
424429,Melissa Wright,stephaniecole@example.org,L,SMA,2016,South Travis
213256,Kimberly Reese,sydney74@example.org,L,SMK,2021,North Calvinland
295495,Sarah Conrad,nathanwong@example.net,L,SMK,2019,Claudiachester
312554,Patricia Horn,bcobb@example.org,P,SMA,2019,South Thomasport
390882,Jamie Thomas,mark79@example.com,P,Madrasah,2022,Jeffville
523752,Nancy Christensen,adam10@example.org,P,Madrasah,2022,Brownport
856995,Steve Wheeler,moodyjoanne@example.net,L,SMA,2023,Perezburgh
864764,Melissa Sloan,raymondpage@example.org,P,Madrasah,2015,East Bryanbury
289715,Derek Hall,chelsey26@example.net,P,SMA,2020,Pricemouth
717943,Matthew Howard,karen49@example.net,P,Madrasah,2016,Smithhaven
113701,Deborah Sims,burtonkyle@example.net,L,SMK,2018,North Scottmouth
945400,Jonathan Smith,wdelgado@example.org,P,Madrasah,2018,Leslieville
374033,Travis Levine,ebutler@example.com,P,SMK,2015,North Crystal
479970,Jessica Beck,douglasdebra@example.org,L,SMA,2020,Wrightville
451584,James Barnes,allisonbarron@example.net,P,SMA,2020,Lake Michelemouth
147907,Desiree Owens,frostmelissa@example.net,L,Madrasah,2023,Richardchester
182176,Kayla Martinez,flowe@example.net,P,SMK,2016,Camposside
726623,Devin Lopez,onealkevin@example.org,L,Madrasah,2018,Garrettchester
748310,Mary Jackson,amber75@example.org,L,SMK,2015,Daleton
390446,Andrew King,adammorgan@example.com,L,SMK,2023,Frederickville
308365,Wesley Smith,kellykenneth@example.org,P,SMA,2022,West Jessica
412005,William Yang,xwilson@example.org,L,SMA,2021,Johnsonside
624606,Karen Martin,jasonparks@example.org,L,Madrasah,2022,South Charlesfort
394041,Benjamin Martin,melissa22@example.net,P,SMK,2017,East Carol
960982,Michael Thornton,sheri00@example.net,P,SMA,2019,East Laura
982697,Natalie Palmer,brandipark@example.com,P,Madrasah,2020,Harrisonburgh
495848,Brandy Hernandez,lisa42@example.net,L,Madrasah,2022,Lake Katherine
601026,Joshua Khan,robert92@example.net,L,SMA,2015,Jacobmouth
185047,Alyssa Moreno,jennifercarpenter@example.net,L,Madrasah,2015,East Alicemouth
839796,Stacy Jackson,jennifer08@example.com,P,SMK,2020,Michaelburgh
139945,Candice Castillo,howardjohn@example.com,L,SMK,2021,West Devinview
649284,Ryan Walker,christophermyers@example.net,L,SMA,2023,Fernandezburgh
989235,Courtney Nunez,rebecca08@example.net,L,SMK,2015,Laurenhaven
892816,David Garcia,megananderson@example.org,P,SMK,2023,East Ryan
797902,Jeremy Coleman,jwilliams@example.org,L,SMK,2019,Reginaldmouth
833710,Eric Schwartz,gdawson@example.net,P,SMK,2017,East Brandonbury
485131,Carlos Cole,martindavid@example.org,P,Madrasah,2019,New Tiffanyville
946580,Steven Guerrero,blairmark@example.org,L,SMK,2016,Lake Brianside
907887,Cynthia Bell,johnny52@example.net,L,Madrasah,2018,Morrisfort
954121,Melissa Martinez,wdavidson@example.com,L,Madrasah,2023,North Mirandaport
606129,Kevin Simmons,jamesamy@example.net,P,SMA,2019,Rodriguezland
653436,Sharon Nichols,robert48@example.com,L,SMA,2019,East Manuelstad
746091,Rebekah Noble,amy36@example.net,P,Madrasah,2018,East Jeffrey
397918,Jessica Davis,christopher42@example.net,L,Madrasah,2019,Thomasshire
977866,Daisy Allen,castillomaria@example.org,L,SMA,2020,Nicholasmouth
291534,Lisa Nelson,barbara42@example.com,L,SMK,2018,South Andrewport
320450,Joshua Cross,hughescatherine@example.com,L,SMA,2023,West Marissashire
103782,Rebecca Brewer,williamsisaiah@example.com,P,SMK,2015,East Douglas
727576,Christopher Armstrong,vroberson@example.com,P,SMA,2019,East Elizabethhaven
365640,Elizabeth Hester,bduarte@example.net,P,SMA,2021,West Jamieside
613885,Jacob Thomas,jaimebarnes@example.com,L,Madrasah,2021,East Feliciaview
667386,Nathan Sellers,cheyennecohen@example.net,L,Madrasah,2020,Kellietown
617619,Keith Vargas,melvinparker@example.org,L,SMA,2022,West Karen
229456,Molly Wood,mark67@example.org,P,SMK,2022,Lake James
952583,James Mason,erodriguez@example.net,P,SMA,2023,West Deborah
930849,Darrell Vargas,carrchelsea@example.net,P,SMA,2021,Richardsfurt
486643,Jennifer Cole,william70@example.com,L,Madrasah,2015,Camposview
992777,Samantha Patterson,dmendoza@example.com,P,SMA,2023,East Christina
912628,Christine Chandler,angelicamurray@example.com,L,Madrasah,2015,West Lisafort
380739,Kevin Gardner,hobbsbrittany@example.net,P,SMA,2015,South Brendafort
472948,David Rodriguez,richardbenson@example.net,P,SMK,2017,East Kevin
502856,John Washington,greenjared@example.net,P,SMA,2022,South Lisa
676322,Kimberly Rogers,lchavez@example.net,L,SMA,2019,Port Matthewmouth
111882,Edward Massey,christinehiggins@example.com,L,Madrasah,2019,Terrenceside
536817,Ronald Smith,murphykeith@example.net,P,SMK,2017,Port Nataliehaven
227316,Brandi Sims,zmitchell@example.com,L,SMK,2022,West Emilyborough
201101,Victoria Rivera,katie24@example.net,P,SMA,2017,North Helen
796075,Christopher Zuniga,wolfjustin@example.com,L,SMK,2019,East Lauraside
827045,Kimberly Rush,ashley03@example.com,L,SMA,2015,Mendezberg
298188,Brenda Blevins,devinali@example.net,L,Madrasah,2021,Kevinton
429747,Shane Smith,davisdorothy@example.org,P,Madrasah,2015,West Tara
819208,Ann Le,rwatson@example.net,L,SMK,2015,Lake Laurieborough
975323,Barry Hansen,gjohnson@example.net,L,Madrasah,2016,Davidberg
134478,Danielle Price,ibuck@example.com,P,Madrasah,2022,Port Sarahhaven
621459,Margaret Bowman,ruizkevin@example.com,L,SMA,2018,South Ryanland
831011,Taylor Wright,joshua64@example.com,L,SMA,2023,Schwartzberg
349424,Gloria Diaz,peter38@example.org,P,Madrasah,2016,Evanport
352982,Michelle Walter,cheryl45@example.net,L,SMK,2017,East Rebeccastad
410283,Timothy Bryan,cainchristopher@example.org,P,Madrasah,2023,Griffinmouth
222937,Ashley Weber,rsimon@example.com,P,SMA,2021,North Matthew
654602,Valerie Atkins,erin54@example.net,P,SMA,2019,South Kevinhaven
526979,Amanda Watts,ninahenderson@example.org,P,Madrasah,2016,Zimmermanview
530972,William Martinez,hbecker@example.net,L,SMK,2020,Port Matthewtown
200926,Robert Jackson,daniellelogan@example.org,P,SMK,2021,Emilyhaven
372922,Jodi Glenn,mark54@example.net,P,Madrasah,2016,Cannonshire
296669,David Hill,fyoung@example.com,L,Madrasah,2017,West Mariachester
530651,Anthony Mccormick,kaitlin18@example.org,P,Madrasah,2016,West Nicole
562481,Paula Robinson,njennings@example.org,L,Madrasah,2018,Coreyshire
771298,Curtis Williams,heatherperez@example.org,L,SMA,2022,South Dawn
